-- phpMyAdmin SQL Dump
-- version 3.3.9
-- http://www.phpmyadmin.net
--
-- Host: localhost
-- Generation Time: Jun 14, 2013 at 07:15 PM
-- Server version: 5.6.12
-- PHP Version: 5.3.15

SET SQL_MODE="NO_AUTO_VALUE_ON_ZERO";

--
-- Database: `pos`
--

-- --------------------------------------------------------

--
-- Table structure for table `phppos_app_config`
--

CREATE TABLE IF NOT EXISTS `phppos_app_config` (
  `key` varchar(255) COLLATE utf8_unicode_ci NOT NULL,
  `value` text COLLATE utf8_unicode_ci NOT NULL,
  PRIMARY KEY (`key`)
) ENGINE=InnoDB DEFAULT CHARSET=utf8 COLLATE=utf8_unicode_ci;

--
-- Dumping data for table `phppos_app_config`
--

INSERT INTO `phppos_app_config` (`key`, `value`) VALUES
('address', '123 Nowhere street'),
('company', 'PHP Point Of Sale, Inc'),
('default_tax_rate', '8'),
('email', 'admin@phppointofsale.com'),
('fax', ''),
('phone', '555-555-5555'),
('return_policy', 'Test'),
('timezone', 'America/New_York'),
('version', '13.2'),
('website', '');

-- --------------------------------------------------------

--
-- Table structure for table `phppos_app_files`
--

CREATE TABLE IF NOT EXISTS `phppos_app_files` (
  `file_id` int(10) NOT NULL AUTO_INCREMENT,
  `file_name` varchar(255) COLLATE utf8_unicode_ci NOT NULL,
  `file_data` longblob NOT NULL,
  PRIMARY KEY (`file_id`)
) ENGINE=InnoDB DEFAULT CHARSET=utf8 COLLATE=utf8_unicode_ci AUTO_INCREMENT=1 ;

--
-- Dumping data for table `phppos_app_files`
--


-- --------------------------------------------------------

--
-- Table structure for table `phppos_customers`
--

CREATE TABLE IF NOT EXISTS `phppos_customers` (
  `person_id` int(10) NOT NULL,
  `account_number` varchar(255) COLLATE utf8_unicode_ci DEFAULT NULL,
  `company_name` varchar(255) COLLATE utf8_unicode_ci NOT NULL,
  `taxable` int(1) NOT NULL DEFAULT '1',
  `cc_token` varchar(255) COLLATE utf8_unicode_ci DEFAULT NULL,
  `cc_preview` varchar(255) COLLATE utf8_unicode_ci DEFAULT NULL,
  `deleted` int(1) NOT NULL DEFAULT '0',
  UNIQUE KEY `account_number` (`account_number`),
  KEY `person_id` (`person_id`),
  KEY `deleted` (`deleted`),
  KEY `cc_token` (`cc_token`)
) ENGINE=InnoDB DEFAULT CHARSET=utf8 COLLATE=utf8_unicode_ci;

--
-- Dumping data for table `phppos_customers`
--


-- --------------------------------------------------------

--
-- Table structure for table `phppos_employees`
--

CREATE TABLE IF NOT EXISTS `phppos_employees` (
  `username` varchar(255) COLLATE utf8_unicode_ci DEFAULT NULL,
  `password` varchar(255) COLLATE utf8_unicode_ci NOT NULL,
  `person_id` int(10) NOT NULL,
  `deleted` int(1) NOT NULL DEFAULT '0',
  UNIQUE KEY `username` (`username`),
  KEY `person_id` (`person_id`),
  KEY `deleted` (`deleted`)
) ENGINE=InnoDB DEFAULT CHARSET=utf8 COLLATE=utf8_unicode_ci;

--
-- Dumping data for table `phppos_employees`
--

INSERT INTO `phppos_employees` (`username`, `password`, `person_id`, `deleted`) VALUES
('admin', '439a6de57d475c1a0ba9bcb1c39f0af6', 1, 0);

-- --------------------------------------------------------

--
-- Table structure for table `phppos_giftcards`
--

CREATE TABLE IF NOT EXISTS `phppos_giftcards` (
  `giftcard_id` int(11) NOT NULL AUTO_INCREMENT,
  `giftcard_number` varchar(255) COLLATE utf8_unicode_ci NOT NULL,
  `value` decimal(15,2) NOT NULL,
  `customer_id` int(10) DEFAULT NULL,
  `deleted` int(1) NOT NULL DEFAULT '0',
  PRIMARY KEY (`giftcard_id`),
  UNIQUE KEY `giftcard_number` (`giftcard_number`),
  KEY `deleted` (`deleted`),
  KEY `phppos_giftcards_ibfk_1` (`customer_id`)
) ENGINE=InnoDB DEFAULT CHARSET=utf8 COLLATE=utf8_unicode_ci AUTO_INCREMENT=1 ;

--
-- Dumping data for table `phppos_giftcards`
--


-- --------------------------------------------------------

--
-- Table structure for table `phppos_inventory`
--

CREATE TABLE IF NOT EXISTS `phppos_inventory` (
  `trans_id` int(11) NOT NULL AUTO_INCREMENT,
  `trans_items` int(11) NOT NULL DEFAULT '0',
  `trans_user` int(11) NOT NULL DEFAULT '0',
  `trans_date` timestamp NOT NULL DEFAULT CURRENT_TIMESTAMP,
  `trans_comment` text COLLATE utf8_unicode_ci NOT NULL,
  `trans_inventory` decimal(15,2) NOT NULL DEFAULT '0.00',
  PRIMARY KEY (`trans_id`),
  KEY `phppos_inventory_ibfk_1` (`trans_items`),
  KEY `phppos_inventory_ibfk_2` (`trans_user`)
) ENGINE=InnoDB DEFAULT CHARSET=utf8 COLLATE=utf8_unicode_ci AUTO_INCREMENT=1 ;

--
-- Dumping data for table `phppos_inventory`
--


-- --------------------------------------------------------

--
-- Table structure for table `phppos_items`
--

CREATE TABLE IF NOT EXISTS `phppos_items` (
  `name` varchar(255) COLLATE utf8_unicode_ci NOT NULL,
  `category` varchar(255) COLLATE utf8_unicode_ci NOT NULL,
  `supplier_id` int(11) DEFAULT NULL,
  `item_number` varchar(255) COLLATE utf8_unicode_ci DEFAULT NULL,
  `description` varchar(255) COLLATE utf8_unicode_ci NOT NULL,
  `cost_price` decimal(15,2) NOT NULL,
  `unit_price` decimal(15,2) NOT NULL,
  `promo_price` decimal(15,2) NOT NULL DEFAULT '0.00',
  `start_date` date NOT NULL DEFAULT '1969-01-01',
  `end_date` date NOT NULL DEFAULT '1969-01-01',
  `quantity` decimal(15,2) NOT NULL DEFAULT '0.00',
  `reorder_level` decimal(15,2) NOT NULL DEFAULT '0.00',
  `location` varchar(255) COLLATE utf8_unicode_ci NOT NULL,
  `item_id` int(10) NOT NULL AUTO_INCREMENT,
  `allow_alt_description` tinyint(1) NOT NULL,
  `is_serialized` tinyint(1) NOT NULL,
  `deleted` int(1) NOT NULL DEFAULT '0',
  PRIMARY KEY (`item_id`),
  UNIQUE KEY `item_number` (`item_number`),
  KEY `phppos_items_ibfk_1` (`supplier_id`),
  KEY `name` (`name`),
  KEY `category` (`category`),
  KEY `deleted` (`deleted`)
) ENGINE=InnoDB DEFAULT CHARSET=utf8 COLLATE=utf8_unicode_ci AUTO_INCREMENT=1 ;

--
-- Dumping data for table `phppos_items`
--


-- --------------------------------------------------------

--
-- Table structure for table `phppos_items_taxes`
--

CREATE TABLE IF NOT EXISTS `phppos_items_taxes` (
  `item_id` int(10) NOT NULL,
  `name` varchar(255) COLLATE utf8_unicode_ci NOT NULL,
  `percent` decimal(15,3) NOT NULL,
  `cumulative` int(1) NOT NULL DEFAULT '0',
  PRIMARY KEY (`item_id`,`name`,`percent`)
) ENGINE=InnoDB DEFAULT CHARSET=utf8 COLLATE=utf8_unicode_ci;

--
-- Dumping data for table `phppos_items_taxes`
--


-- --------------------------------------------------------

--
-- Table structure for table `phppos_item_kits`
--

CREATE TABLE IF NOT EXISTS `phppos_item_kits` (
  `item_kit_id` int(11) NOT NULL AUTO_INCREMENT,
  `item_kit_number` varchar(255) COLLATE utf8_unicode_ci DEFAULT NULL,
  `name` varchar(255) COLLATE utf8_unicode_ci NOT NULL,
  `description` varchar(255) COLLATE utf8_unicode_ci NOT NULL,
  `category` varchar(255) COLLATE utf8_unicode_ci NOT NULL,
  `unit_price` decimal(15,2) DEFAULT NULL,
  `cost_price` decimal(15,2) DEFAULT NULL,
  `deleted` int(1) NOT NULL DEFAULT '0',
  PRIMARY KEY (`item_kit_id`),
  UNIQUE KEY `item_kit_number` (`item_kit_number`),
  KEY `name` (`name`),
  KEY `deleted` (`deleted`)
) ENGINE=InnoDB DEFAULT CHARSET=utf8 COLLATE=utf8_unicode_ci AUTO_INCREMENT=1 ;

--
-- Dumping data for table `phppos_item_kits`
--


-- --------------------------------------------------------

--
-- Table structure for table `phppos_item_kits_taxes`
--

CREATE TABLE IF NOT EXISTS `phppos_item_kits_taxes` (
  `item_kit_id` int(10) NOT NULL,
  `name` varchar(255) COLLATE utf8_unicode_ci NOT NULL,
  `percent` decimal(15,3) NOT NULL,
  `cumulative` int(1) NOT NULL DEFAULT '0',
  PRIMARY KEY (`item_kit_id`,`name`,`percent`)
) ENGINE=InnoDB DEFAULT CHARSET=utf8 COLLATE=utf8_unicode_ci;

--
-- Dumping data for table `phppos_item_kits_taxes`
--


-- --------------------------------------------------------

--
-- Table structure for table `phppos_item_kit_items`
--

CREATE TABLE IF NOT EXISTS `phppos_item_kit_items` (
  `item_kit_id` int(11) NOT NULL,
  `item_id` int(11) NOT NULL,
  `quantity` decimal(15,2) NOT NULL,
  PRIMARY KEY (`item_kit_id`,`item_id`,`quantity`),
  KEY `phppos_item_kit_items_ibfk_2` (`item_id`)
) ENGINE=InnoDB DEFAULT CHARSET=utf8 COLLATE=utf8_unicode_ci;

--
-- Dumping data for table `phppos_item_kit_items`
--


-- --------------------------------------------------------

--
-- Table structure for table `phppos_modules`
--

CREATE TABLE IF NOT EXISTS `phppos_modules` (
  `name_lang_key` varchar(255) COLLATE utf8_unicode_ci NOT NULL,
  `desc_lang_key` varchar(255) COLLATE utf8_unicode_ci NOT NULL,
  `sort` int(10) NOT NULL,
  `module_id` varchar(255) COLLATE utf8_unicode_ci NOT NULL,
  PRIMARY KEY (`module_id`),
  UNIQUE KEY `desc_lang_key` (`desc_lang_key`),
  UNIQUE KEY `name_lang_key` (`name_lang_key`)
) ENGINE=InnoDB DEFAULT CHARSET=utf8 COLLATE=utf8_unicode_ci;

--
-- Dumping data for table `phppos_modules`
--

INSERT INTO `phppos_modules` (`name_lang_key`, `desc_lang_key`, `sort`, `module_id`) VALUES
('module_config', 'module_config_desc', 100, 'config'),
('module_customers', 'module_customers_desc', 10, 'customers'),
('module_employees', 'module_employees_desc', 80, 'employees'),
('module_giftcards', 'module_giftcards_desc', 90, 'giftcards'),
('module_item_kits', 'module_item_kits_desc', 30, 'item_kits'),
('module_items', 'module_items_desc', 20, 'items'),
('module_receivings', 'module_receivings_desc', 60, 'receivings'),
('module_reports', 'module_reports_desc', 50, 'reports'),
('module_sales', 'module_sales_desc', 70, 'sales'),
('module_suppliers', 'module_suppliers_desc', 40, 'suppliers');

-- --------------------------------------------------------

--
-- Table structure for table `phppos_modules_actions`
--

CREATE TABLE IF NOT EXISTS `phppos_modules_actions` (
  `action_id` varchar(100) COLLATE utf8_unicode_ci NOT NULL,
  `module_id` varchar(100) COLLATE utf8_unicode_ci NOT NULL,
  `action_name_key` varchar(100) COLLATE utf8_unicode_ci NOT NULL,
  `sort` int(11) NOT NULL,
  PRIMARY KEY (`action_id`,`module_id`),
  KEY `phppos_modules_actions_ibfk_1` (`module_id`)
) ENGINE=InnoDB DEFAULT CHARSET=utf8 COLLATE=utf8_unicode_ci;

--
-- Dumping data for table `phppos_modules_actions`
--

INSERT INTO `phppos_modules_actions` (`action_id`, `module_id`, `action_name_key`, `sort`) VALUES
('add_update', 'customers', 'module_action_add_update', 1),
('add_update', 'employees', 'module_action_add_update', 130),
('add_update', 'item_kits', 'module_action_add_update', 70),
('add_update', 'items', 'module_action_add_update', 40),
('add_update', 'suppliers', 'module_action_add_update', 100),
('delete', 'customers', 'module_action_delete', 20),
('delete', 'employees', 'module_action_delete', 140),
('delete', 'item_kits', 'module_action_delete', 80),
('delete', 'items', 'module_action_delete', 50),
('delete', 'suppliers', 'module_action_delete', 110),
('edit_sale', 'sales', 'module_edit_sale', 190),
('edit_sale_price', 'sales', 'module_edit_sale_price', 170),
('give_discount', 'sales', 'module_give_discount', 180),
('search', 'customers', 'module_action_search_customers', 30),
('search', 'employees', 'module_action_search_employees', 150),
('search', 'item_kits', 'module_action_search_item_kits', 90),
('search', 'items', 'module_action_search_items', 60),
('search', 'suppliers', 'module_action_search_suppliers', 120),
('see_cost_price', 'items', 'module_see_cost_price', 61);

-- --------------------------------------------------------

--
-- Table structure for table `phppos_people`
--

CREATE TABLE IF NOT EXISTS `phppos_people` (
  `first_name` varchar(255) COLLATE utf8_unicode_ci NOT NULL,
  `last_name` varchar(255) COLLATE utf8_unicode_ci NOT NULL,
  `phone_number` varchar(255) COLLATE utf8_unicode_ci NOT NULL,
  `email` varchar(255) COLLATE utf8_unicode_ci NOT NULL,
  `address_1` varchar(255) COLLATE utf8_unicode_ci NOT NULL,
  `address_2` varchar(255) COLLATE utf8_unicode_ci NOT NULL,
  `city` varchar(255) COLLATE utf8_unicode_ci NOT NULL,
  `state` varchar(255) COLLATE utf8_unicode_ci NOT NULL,
  `zip` varchar(255) COLLATE utf8_unicode_ci NOT NULL,
  `country` varchar(255) COLLATE utf8_unicode_ci NOT NULL,
  `comments` text COLLATE utf8_unicode_ci NOT NULL,
  `person_id` int(10) NOT NULL AUTO_INCREMENT,
  PRIMARY KEY (`person_id`),
  KEY `first_name` (`first_name`),
  KEY `last_name` (`last_name`),
  KEY `email` (`email`)
) ENGINE=InnoDB  DEFAULT CHARSET=utf8 COLLATE=utf8_unicode_ci AUTO_INCREMENT=2 ;

--
-- Dumping data for table `phppos_people`
--

INSERT INTO `phppos_people` (`first_name`, `last_name`, `phone_number`, `email`, `address_1`, `address_2`, `city`, `state`, `zip`, `country`, `comments`, `person_id`) VALUES
('John', 'Doe', '555-555-5555', 'admin@phppointofsale.com', 'Address 1', '', '', '', '', '', '', 1);

-- --------------------------------------------------------

--
-- Table structure for table `phppos_permissions`
--

CREATE TABLE IF NOT EXISTS `phppos_permissions` (
  `module_id` varchar(255) COLLATE utf8_unicode_ci NOT NULL,
  `person_id` int(10) NOT NULL,
  PRIMARY KEY (`module_id`,`person_id`),
  KEY `person_id` (`person_id`)
) ENGINE=InnoDB DEFAULT CHARSET=utf8 COLLATE=utf8_unicode_ci;

--
-- Dumping data for table `phppos_permissions`
--

INSERT INTO `phppos_permissions` (`module_id`, `person_id`) VALUES
('config', 1),
('customers', 1),
('employees', 1),
('giftcards', 1),
('item_kits', 1),
('items', 1),
('receivings', 1),
('reports', 1),
('sales', 1),
('suppliers', 1);

-- --------------------------------------------------------

--
-- Table structure for table `phppos_permissions_actions`
--

CREATE TABLE IF NOT EXISTS `phppos_permissions_actions` (
  `module_id` varchar(100) COLLATE utf8_unicode_ci NOT NULL,
  `person_id` int(11) NOT NULL,
  `action_id` varchar(100) COLLATE utf8_unicode_ci NOT NULL,
  PRIMARY KEY (`module_id`,`person_id`,`action_id`),
  KEY `phppos_permissions_actions_ibfk_2` (`person_id`),
  KEY `phppos_permissions_actions_ibfk_3` (`action_id`)
) ENGINE=InnoDB DEFAULT CHARSET=utf8 COLLATE=utf8_unicode_ci;

--
-- Dumping data for table `phppos_permissions_actions`
--

INSERT INTO `phppos_permissions_actions` (`module_id`, `person_id`, `action_id`) VALUES
('customers', 1, 'add_update'),
('customers', 1, 'delete'),
('customers', 1, 'search'),
('employees', 1, 'add_update'),
('employees', 1, 'delete'),
('employees', 1, 'search'),
('item_kits', 1, 'add_update'),
('item_kits', 1, 'delete'),
('item_kits', 1, 'search'),
('items', 1, 'add_update'),
('items', 1, 'delete'),
('items', 1, 'search'),
('items', 1, 'see_cost_price'),
('sales', 1, 'edit_sale'),
('sales', 1, 'edit_sale_price'),
('sales', 1, 'give_discount'),
('suppliers', 1, 'add_update'),
('suppliers', 1, 'delete'),
('suppliers', 1, 'search');

-- --------------------------------------------------------

--
-- Table structure for table `phppos_receivings`
--

CREATE TABLE IF NOT EXISTS `phppos_receivings` (
  `receiving_time` timestamp NOT NULL DEFAULT CURRENT_TIMESTAMP,
  `supplier_id` int(10) DEFAULT NULL,
  `employee_id` int(10) NOT NULL DEFAULT '0',
  `comment` text COLLATE utf8_unicode_ci NOT NULL,
  `receiving_id` int(10) NOT NULL AUTO_INCREMENT,
  `payment_type` varchar(255) COLLATE utf8_unicode_ci DEFAULT NULL,
  `deleted` int(1) NOT NULL DEFAULT '0',
  PRIMARY KEY (`receiving_id`),
  KEY `supplier_id` (`supplier_id`),
  KEY `employee_id` (`employee_id`),
  KEY `deleted` (`deleted`)
) ENGINE=InnoDB DEFAULT CHARSET=utf8 COLLATE=utf8_unicode_ci AUTO_INCREMENT=1 ;

--
-- Dumping data for table `phppos_receivings`
--


-- --------------------------------------------------------

--
-- Table structure for table `phppos_receivings_items`
--

CREATE TABLE IF NOT EXISTS `phppos_receivings_items` (
  `receiving_id` int(10) NOT NULL DEFAULT '0',
  `item_id` int(10) NOT NULL DEFAULT '0',
  `description` varchar(255) COLLATE utf8_unicode_ci DEFAULT NULL,
  `serialnumber` varchar(255) COLLATE utf8_unicode_ci DEFAULT NULL,
  `line` int(3) NOT NULL,
  `quantity_purchased` int(10) NOT NULL DEFAULT '0',
  `item_cost_price` decimal(15,2) NOT NULL,
  `item_unit_price` decimal(15,2) NOT NULL,
  `discount_percent` int(11) NOT NULL DEFAULT '0',
  PRIMARY KEY (`receiving_id`,`item_id`,`line`),
  KEY `item_id` (`item_id`)
) ENGINE=InnoDB DEFAULT CHARSET=utf8 COLLATE=utf8_unicode_ci;

--
-- Dumping data for table `phppos_receivings_items`
--


-- --------------------------------------------------------

--
-- Table structure for table `phppos_register_log`
--

CREATE TABLE IF NOT EXISTS `phppos_register_log` (
  `register_log_id` int(10) NOT NULL AUTO_INCREMENT,
  `employee_id` int(10) NOT NULL,
  `shift_start` timestamp NOT NULL DEFAULT '0000-00-00 00:00:00',
  `shift_end` timestamp NOT NULL DEFAULT '0000-00-00 00:00:00',
  `open_amount` double(15,2) NOT NULL,
  `close_amount` double(15,2) NOT NULL,
  `cash_sales_amount` double(15,2) NOT NULL,
  PRIMARY KEY (`register_log_id`),
  KEY `phppos_register_log_ibfk_1` (`employee_id`)
) ENGINE=InnoDB DEFAULT CHARSET=utf8 COLLATE=utf8_unicode_ci AUTO_INCREMENT=1 ;

--
-- Dumping data for table `phppos_register_log`
--


-- --------------------------------------------------------

--
-- Table structure for table `phppos_sales`
--

CREATE TABLE IF NOT EXISTS `phppos_sales` (
  `sale_time` timestamp NOT NULL DEFAULT CURRENT_TIMESTAMP,
  `customer_id` int(10) DEFAULT NULL,
  `employee_id` int(10) NOT NULL DEFAULT '0',
  `comment` text COLLATE utf8_unicode_ci NOT NULL,
  `show_comment_on_receipt` int(1) NOT NULL DEFAULT '0',
  `sale_id` int(10) NOT NULL AUTO_INCREMENT,
  `payment_type` varchar(255) COLLATE utf8_unicode_ci DEFAULT NULL,
  `cc_ref_no` varchar(255) COLLATE utf8_unicode_ci NOT NULL,
  `deleted` int(1) NOT NULL DEFAULT '0',
  `suspended` int(1) NOT NULL DEFAULT '0',
  PRIMARY KEY (`sale_id`),
  KEY `customer_id` (`customer_id`),
  KEY `employee_id` (`employee_id`),
  KEY `deleted` (`deleted`)
) ENGINE=InnoDB DEFAULT CHARSET=utf8 COLLATE=utf8_unicode_ci AUTO_INCREMENT=1 ;

--
-- Dumping data for table `phppos_sales`
--


-- --------------------------------------------------------

--
-- Table structure for table `phppos_sales_items`
--

CREATE TABLE IF NOT EXISTS `phppos_sales_items` (
  `sale_id` int(10) NOT NULL DEFAULT '0',
  `item_id` int(10) NOT NULL DEFAULT '0',
  `description` varchar(255) COLLATE utf8_unicode_ci DEFAULT NULL,
  `serialnumber` varchar(255) COLLATE utf8_unicode_ci DEFAULT NULL,
  `line` int(3) NOT NULL DEFAULT '0',
  `quantity_purchased` decimal(15,2) NOT NULL DEFAULT '0.00',
  `item_cost_price` decimal(15,2) NOT NULL,
  `item_unit_price` decimal(15,2) NOT NULL,
  `discount_percent` int(11) NOT NULL DEFAULT '0',
  PRIMARY KEY (`sale_id`,`item_id`,`line`),
  KEY `item_id` (`item_id`)
) ENGINE=InnoDB DEFAULT CHARSET=utf8 COLLATE=utf8_unicode_ci;

--
-- Dumping data for table `phppos_sales_items`
--


-- --------------------------------------------------------

--
-- Table structure for table `phppos_sales_items_taxes`
--

CREATE TABLE IF NOT EXISTS `phppos_sales_items_taxes` (
  `sale_id` int(10) NOT NULL,
  `item_id` int(10) NOT NULL,
  `line` int(3) NOT NULL DEFAULT '0',
  `name` varchar(255) COLLATE utf8_unicode_ci NOT NULL,
  `percent` decimal(15,3) NOT NULL,
  `cumulative` int(1) NOT NULL DEFAULT '0',
  PRIMARY KEY (`sale_id`,`item_id`,`line`,`name`,`percent`),
  KEY `item_id` (`item_id`)
) ENGINE=InnoDB DEFAULT CHARSET=utf8 COLLATE=utf8_unicode_ci;

--
-- Dumping data for table `phppos_sales_items_taxes`
--


-- --------------------------------------------------------

--
-- Table structure for table `phppos_sales_item_kits`
--

CREATE TABLE IF NOT EXISTS `phppos_sales_item_kits` (
  `sale_id` int(10) NOT NULL DEFAULT '0',
  `item_kit_id` int(10) NOT NULL DEFAULT '0',
  `description` varchar(255) COLLATE utf8_unicode_ci DEFAULT NULL,
  `line` int(3) NOT NULL DEFAULT '0',
  `quantity_purchased` decimal(15,2) NOT NULL DEFAULT '0.00',
  `item_kit_cost_price` decimal(15,2) NOT NULL,
  `item_kit_unit_price` decimal(15,2) NOT NULL,
  `discount_percent` int(11) NOT NULL DEFAULT '0',
  PRIMARY KEY (`sale_id`,`item_kit_id`,`line`),
  KEY `item_kit_id` (`item_kit_id`)
) ENGINE=InnoDB DEFAULT CHARSET=utf8 COLLATE=utf8_unicode_ci;

--
-- Dumping data for table `phppos_sales_item_kits`
--


-- --------------------------------------------------------

--
-- Table structure for table `phppos_sales_item_kits_taxes`
--

CREATE TABLE IF NOT EXISTS `phppos_sales_item_kits_taxes` (
  `sale_id` int(10) NOT NULL,
  `item_kit_id` int(10) NOT NULL,
  `line` int(3) NOT NULL DEFAULT '0',
  `name` varchar(255) COLLATE utf8_unicode_ci NOT NULL,
  `percent` decimal(15,3) NOT NULL,
  `cumulative` int(1) NOT NULL DEFAULT '0',
  PRIMARY KEY (`sale_id`,`item_kit_id`,`line`,`name`,`percent`),
  KEY `item_id` (`item_kit_id`)
) ENGINE=InnoDB DEFAULT CHARSET=utf8 COLLATE=utf8_unicode_ci;

--
-- Dumping data for table `phppos_sales_item_kits_taxes`
--


-- --------------------------------------------------------

--
-- Table structure for table `phppos_sales_payments`
--

CREATE TABLE IF NOT EXISTS `phppos_sales_payments` (
  `payment_id` int(10) NOT NULL AUTO_INCREMENT,
  `sale_id` int(10) NOT NULL,
  `payment_type` varchar(255) COLLATE utf8_unicode_ci NOT NULL,
  `payment_amount` decimal(15,2) NOT NULL,
  `payment_date` timestamp NOT NULL DEFAULT CURRENT_TIMESTAMP,
  PRIMARY KEY (`payment_id`),
  KEY `sale_id` (`sale_id`)
) ENGINE=InnoDB DEFAULT CHARSET=utf8 COLLATE=utf8_unicode_ci AUTO_INCREMENT=1 ;

--
-- Dumping data for table `phppos_sales_payments`
--


-- --------------------------------------------------------

--
-- Table structure for table `phppos_sessions`
--

CREATE TABLE IF NOT EXISTS `phppos_sessions` (
  `session_id` varchar(40) COLLATE utf8_unicode_ci NOT NULL DEFAULT '0',
  `ip_address` varchar(45) COLLATE utf8_unicode_ci NOT NULL DEFAULT '0',
  `user_agent` varchar(120) COLLATE utf8_unicode_ci NOT NULL,
  `last_activity` int(10) unsigned NOT NULL DEFAULT '0',
  `user_data` text COLLATE utf8_unicode_ci,
  PRIMARY KEY (`session_id`),
  KEY `last_activity_idx` (`last_activity`)
) ENGINE=InnoDB DEFAULT CHARSET=utf8 COLLATE=utf8_unicode_ci;

--
-- Dumping data for table `phppos_sessions`
--


-- --------------------------------------------------------

--
-- Table structure for table `phppos_suppliers`
--

CREATE TABLE IF NOT EXISTS `phppos_suppliers` (
  `person_id` int(10) NOT NULL,
  `company_name` varchar(255) COLLATE utf8_unicode_ci NOT NULL,
  `account_number` varchar(255) COLLATE utf8_unicode_ci DEFAULT NULL,
  `deleted` int(1) NOT NULL DEFAULT '0',
  UNIQUE KEY `account_number` (`account_number`),
  KEY `person_id` (`person_id`),
  KEY `deleted` (`deleted`)
) ENGINE=InnoDB DEFAULT CHARSET=utf8 COLLATE=utf8_unicode_ci;

--
-- Dumping data for table `phppos_suppliers`
--


--
-- Constraints for dumped tables
--

--
-- Constraints for table `phppos_customers`
--
ALTER TABLE `phppos_customers`
  ADD CONSTRAINT `phppos_customers_ibfk_1` FOREIGN KEY (`person_id`) REFERENCES `phppos_people` (`person_id`);

--
-- Constraints for table `phppos_employees`
--
ALTER TABLE `phppos_employees`
  ADD CONSTRAINT `phppos_employees_ibfk_1` FOREIGN KEY (`person_id`) REFERENCES `phppos_people` (`person_id`);

--
-- Constraints for table `phppos_giftcards`
--
ALTER TABLE `phppos_giftcards`
  ADD CONSTRAINT `phppos_giftcards_ibfk_1` FOREIGN KEY (`customer_id`) REFERENCES `phppos_customers` (`person_id`);

--
-- Constraints for table `phppos_inventory`
--
ALTER TABLE `phppos_inventory`
  ADD CONSTRAINT `phppos_inventory_ibfk_1` FOREIGN KEY (`trans_items`) REFERENCES `phppos_items` (`item_id`),
  ADD CONSTRAINT `phppos_inventory_ibfk_2` FOREIGN KEY (`trans_user`) REFERENCES `phppos_employees` (`person_id`);

--
-- Constraints for table `phppos_items`
--
ALTER TABLE `phppos_items`
  ADD CONSTRAINT `phppos_items_ibfk_1` FOREIGN KEY (`supplier_id`) REFERENCES `phppos_suppliers` (`person_id`);

--
-- Constraints for table `phppos_items_taxes`
--
ALTER TABLE `phppos_items_taxes`
  ADD CONSTRAINT `phppos_items_taxes_ibfk_1` FOREIGN KEY (`item_id`) REFERENCES `phppos_items` (`item_id`) ON DELETE CASCADE;

--
-- Constraints for table `phppos_item_kits_taxes`
--
ALTER TABLE `phppos_item_kits_taxes`
  ADD CONSTRAINT `phppos_item_kits_taxes_ibfk_1` FOREIGN KEY (`item_kit_id`) REFERENCES `phppos_item_kits` (`item_kit_id`) ON DELETE CASCADE;

--
-- Constraints for table `phppos_item_kit_items`
--
ALTER TABLE `phppos_item_kit_items`
  ADD CONSTRAINT `phppos_item_kit_items_ibfk_1` FOREIGN KEY (`item_kit_id`) REFERENCES `phppos_item_kits` (`item_kit_id`) ON DELETE CASCADE,
  ADD CONSTRAINT `phppos_item_kit_items_ibfk_2` FOREIGN KEY (`item_id`) REFERENCES `phppos_items` (`item_id`) ON DELETE CASCADE;

--
-- Constraints for table `phppos_modules_actions`
--
ALTER TABLE `phppos_modules_actions`
  ADD CONSTRAINT `phppos_modules_actions_ibfk_1` FOREIGN KEY (`module_id`) REFERENCES `phppos_modules` (`module_id`);

--
-- Constraints for table `phppos_permissions`
--
ALTER TABLE `phppos_permissions`
  ADD CONSTRAINT `phppos_permissions_ibfk_1` FOREIGN KEY (`person_id`) REFERENCES `phppos_employees` (`person_id`),
  ADD CONSTRAINT `phppos_permissions_ibfk_2` FOREIGN KEY (`module_id`) REFERENCES `phppos_modules` (`module_id`);

--
-- Constraints for table `phppos_permissions_actions`
--
ALTER TABLE `phppos_permissions_actions`
  ADD CONSTRAINT `phppos_permissions_actions_ibfk_1` FOREIGN KEY (`module_id`) REFERENCES `phppos_modules` (`module_id`),
  ADD CONSTRAINT `phppos_permissions_actions_ibfk_2` FOREIGN KEY (`person_id`) REFERENCES `phppos_employees` (`person_id`),
  ADD CONSTRAINT `phppos_permissions_actions_ibfk_3` FOREIGN KEY (`action_id`) REFERENCES `phppos_modules_actions` (`action_id`);

--
-- Constraints for table `phppos_receivings`
--
ALTER TABLE `phppos_receivings`
  ADD CONSTRAINT `phppos_receivings_ibfk_1` FOREIGN KEY (`employee_id`) REFERENCES `phppos_employees` (`person_id`),
  ADD CONSTRAINT `phppos_receivings_ibfk_2` FOREIGN KEY (`supplier_id`) REFERENCES `phppos_suppliers` (`person_id`);

--
-- Constraints for table `phppos_receivings_items`
--
ALTER TABLE `phppos_receivings_items`
  ADD CONSTRAINT `phppos_receivings_items_ibfk_1` FOREIGN KEY (`item_id`) REFERENCES `phppos_items` (`item_id`),
  ADD CONSTRAINT `phppos_receivings_items_ibfk_2` FOREIGN KEY (`receiving_id`) REFERENCES `phppos_receivings` (`receiving_id`);

--
-- Constraints for table `phppos_register_log`
--
ALTER TABLE `phppos_register_log`
  ADD CONSTRAINT `phppos_register_log_ibfk_1` FOREIGN KEY (`employee_id`) REFERENCES `phppos_employees` (`person_id`);

--
-- Constraints for table `phppos_sales`
--
ALTER TABLE `phppos_sales`
  ADD CONSTRAINT `phppos_sales_ibfk_1` FOREIGN KEY (`employee_id`) REFERENCES `phppos_employees` (`person_id`),
  ADD CONSTRAINT `phppos_sales_ibfk_2` FOREIGN KEY (`customer_id`) REFERENCES `phppos_customers` (`person_id`);

--
-- Constraints for table `phppos_sales_items`
--
ALTER TABLE `phppos_sales_items`
  ADD CONSTRAINT `phppos_sales_items_ibfk_1` FOREIGN KEY (`item_id`) REFERENCES `phppos_items` (`item_id`),
  ADD CONSTRAINT `phppos_sales_items_ibfk_2` FOREIGN KEY (`sale_id`) REFERENCES `phppos_sales` (`sale_id`);

--
-- Constraints for table `phppos_sales_items_taxes`
--
ALTER TABLE `phppos_sales_items_taxes`
  ADD CONSTRAINT `phppos_sales_items_taxes_ibfk_1` FOREIGN KEY (`sale_id`) REFERENCES `phppos_sales_items` (`sale_id`),
  ADD CONSTRAINT `phppos_sales_items_taxes_ibfk_2` FOREIGN KEY (`item_id`) REFERENCES `phppos_items` (`item_id`);

--
-- Constraints for table `phppos_sales_item_kits`
--
ALTER TABLE `phppos_sales_item_kits`
  ADD CONSTRAINT `phppos_sales_item_kits_ibfk_1` FOREIGN KEY (`item_kit_id`) REFERENCES `phppos_item_kits` (`item_kit_id`),
  ADD CONSTRAINT `phppos_sales_item_kits_ibfk_2` FOREIGN KEY (`sale_id`) REFERENCES `phppos_sales` (`sale_id`);

--
-- Constraints for table `phppos_sales_item_kits_taxes`
--
ALTER TABLE `phppos_sales_item_kits_taxes`
  ADD CONSTRAINT `phppos_sales_item_kits_taxes_ibfk_1` FOREIGN KEY (`sale_id`) REFERENCES `phppos_sales_item_kits` (`sale_id`),
  ADD CONSTRAINT `phppos_sales_item_kits_taxes_ibfk_2` FOREIGN KEY (`item_kit_id`) REFERENCES `phppos_item_kits` (`item_kit_id`);

--
-- Constraints for table `phppos_sales_payments`
--
ALTER TABLE `phppos_sales_payments`
  ADD CONSTRAINT `phppos_sales_payments_ibfk_1` FOREIGN KEY (`sale_id`) REFERENCES `phppos_sales` (`sale_id`);

--
-- Constraints for table `phppos_suppliers`
--
ALTER TABLE `phppos_suppliers`
  ADD CONSTRAINT `phppos_suppliers_ibfk_1` FOREIGN KEY (`person_id`) REFERENCES `phppos_people` (`person_id`);
